variable,level,count,percentage,attrition_rate
Attrition,No,1233,83.87755102040816,0.0
Attrition,Yes,237,16.122448979591837,100.0
BusinessTravel,Travel_Rarely,1043,70.95238095238095,14.956855225311601
BusinessTravel,Travel_Frequently,277,18.843537414965986,24.90974729241877
BusinessTravel,Non-Travel,150,10.204081632653061,8.0
Department,Research & Development,961,65.37414965986395,13.839750260145681
Department,Sales,446,30.34013605442177,20.62780269058296
Department,Human Resources,63,4.285714285714286,19.047619047619047
Education,3,572,38.91156462585034,17.307692307692307
Education,4,398,27.074829931972786,14.572864321608039
Education,2,282,19.183673469387756,15.602836879432624
Education,1,170,11.564625850340136,18.235294117647058
Education,5,48,3.2653061224489797,10.416666666666668
EducationField,Life Sciences,606,41.224489795918366,14.686468646864686
EducationField,Medical,464,31.564625850340132,13.577586206896552
EducationField,Marketing,159,10.816326530612246,22.0125786163522
EducationField,Technical Degree,132,8.979591836734693,24.242424242424242
EducationField,Other,82,5.578231292517007,13.414634146341465
EducationField,Human Resources,27,1.8367346938775513,25.925925925925924
EnvironmentSatisfaction,3,453,30.816326530612244,13.686534216335541
EnvironmentSatisfaction,4,446,30.34013605442177,13.452914798206278
EnvironmentSatisfaction,2,287,19.523809523809526,14.982578397212542
EnvironmentSatisfaction,1,284,19.319727891156464,25.352112676056336
Gender,Male,882,60.0,17.006802721088434
Gender,Female,588,40.0,14.795918367346939
JobInvolvement,3,868,59.04761904761905,14.400921658986174
JobInvolvement,2,375,25.510204081632654,18.933333333333334
JobInvolvement,4,144,9.795918367346939,9.027777777777777
JobInvolvement,1,83,5.646258503401361,33.734939759036145
JobLevel,1,543,36.93877551020408,26.335174953959484
JobLevel,2,534,36.3265306122449,9.737827715355806
JobLevel,3,218,14.829931972789115,14.678899082568808
JobLevel,4,106,7.210884353741497,4.716981132075472
JobLevel,5,69,4.6938775510204085,7.246376811594203
JobRole,Sales Executive,326,22.176870748299322,17.484662576687114
JobRole,Research Scientist,292,19.86394557823129,16.095890410958905
JobRole,Laboratory Technician,259,17.61904761904762,23.93822393822394
JobRole,Manufacturing Director,145,9.863945578231291,6.896551724137931
JobRole,Healthcare Representative,131,8.91156462585034,6.870229007633588
JobRole,Manager,102,6.938775510204081,4.901960784313726
JobRole,Sales Representative,83,5.646258503401361,39.75903614457831
JobRole,Research Director,80,5.442176870748299,2.5
JobRole,Human Resources,52,3.537414965986395,23.076923076923077
JobSatisfaction,4,459,31.22448979591837,11.328976034858387
JobSatisfaction,3,442,30.068027210884352,16.515837104072396
JobSatisfaction,1,289,19.65986394557823,22.837370242214533
JobSatisfaction,2,280,19.047619047619047,16.428571428571427
MaritalStatus,Married,673,45.78231292517007,12.481426448736999
MaritalStatus,Single,470,31.97278911564626,25.53191489361702
MaritalStatus,Divorced,327,22.244897959183675,10.091743119266056
NumCompaniesWorked,1,521,35.4421768707483,18.809980806142036
NumCompaniesWorked,0,197,13.401360544217686,11.6751269035533
NumCompaniesWorked,3,159,10.816326530612246,10.062893081761008
NumCompaniesWorked,2,146,9.931972789115646,10.95890410958904
NumCompaniesWorked,4,139,9.455782312925171,12.23021582733813
NumCompaniesWorked,7,74,5.034013605442176,22.972972972972975
NumCompaniesWorked,6,70,4.761904761904762,22.857142857142858
NumCompaniesWorked,5,63,4.285714285714286,25.396825396825395
NumCompaniesWorked,9,52,3.537414965986395,23.076923076923077
NumCompaniesWorked,8,49,3.3333333333333335,12.244897959183673
OverTime,No,1054,71.70068027210884,10.436432637571158
OverTime,Yes,416,28.29931972789116,30.528846153846157
PercentSalaryHike,11,210,14.285714285714285,19.523809523809526
PercentSalaryHike,13,209,14.217687074829932,16.267942583732058
PercentSalaryHike,14,201,13.673469387755102,11.940298507462686
PercentSalaryHike,12,198,13.46938775510204,16.666666666666664
PercentSalaryHike,15,101,6.870748299319727,17.82178217821782
PercentSalaryHike,18,89,6.054421768707483,14.606741573033707
PercentSalaryHike,17,82,5.578231292517007,17.073170731707318
PercentSalaryHike,16,78,5.3061224489795915,17.94871794871795
PercentSalaryHike,19,76,5.170068027210884,11.842105263157894
PercentSalaryHike,22,56,3.8095238095238098,21.428571428571427
PercentSalaryHike,20,55,3.741496598639456,12.727272727272727
PercentSalaryHike,21,48,3.2653061224489797,10.416666666666668
PercentSalaryHike,23,28,1.9047619047619049,21.428571428571427
PercentSalaryHike,24,21,1.4285714285714286,28.57142857142857
PercentSalaryHike,25,18,1.2244897959183674,5.555555555555555
PerformanceRating,3,1244,84.62585034013605,16.077170418006432
PerformanceRating,4,226,15.374149659863946,16.371681415929203
RelationshipSatisfaction,3,459,31.22448979591837,15.468409586056644
RelationshipSatisfaction,4,432,29.38775510204082,14.814814814814813
RelationshipSatisfaction,2,303,20.612244897959183,14.85148514851485
RelationshipSatisfaction,1,276,18.775510204081634,20.652173913043477
StockOptionLevel,0,631,42.925170068027214,24.405705229793977
StockOptionLevel,1,596,40.54421768707483,9.395973154362416
StockOptionLevel,2,158,10.748299319727892,7.59493670886076
StockOptionLevel,3,85,5.782312925170068,17.647058823529413
TrainingTimesLastYear,2,547,37.2108843537415,17.915904936014627
TrainingTimesLastYear,3,491,33.40136054421769,14.052953156822811
TrainingTimesLastYear,4,123,8.36734693877551,21.138211382113823
TrainingTimesLastYear,5,119,8.095238095238095,11.76470588235294
TrainingTimesLastYear,1,71,4.829931972789116,12.676056338028168
TrainingTimesLastYear,6,65,4.421768707482993,9.230769230769232
TrainingTimesLastYear,0,54,3.6734693877551026,27.77777777777778
WorkLifeBalance,3,893,60.74829931972789,14.221724524076148
WorkLifeBalance,2,344,23.401360544217688,16.86046511627907
WorkLifeBalance,4,153,10.408163265306122,17.647058823529413
WorkLifeBalance,1,80,5.442176870748299,31.25
YearsInCurrentRole,2,372,25.30612244897959,18.27956989247312
YearsInCurrentRole,0,244,16.598639455782312,29.918032786885245
YearsInCurrentRole,7,222,15.10204081632653,13.963963963963963
YearsInCurrentRole,3,135,9.183673469387756,11.851851851851853
YearsInCurrentRole,4,104,7.07482993197279,14.423076923076922
YearsInCurrentRole,8,89,6.054421768707483,7.865168539325842
YearsInCurrentRole,9,67,4.557823129251701,8.955223880597014
YearsInCurrentRole,1,57,3.877551020408163,19.298245614035086
YearsInCurrentRole,6,37,2.517006802721088,5.405405405405405
YearsInCurrentRole,5,36,2.4489795918367347,2.7777777777777777
YearsInCurrentRole,10,29,1.9727891156462583,6.896551724137931
YearsInCurrentRole,11,22,1.4965986394557822,0.0
YearsInCurrentRole,13,14,0.9523809523809524,7.142857142857142
YearsInCurrentRole,14,11,0.7482993197278911,9.090909090909092
YearsInCurrentRole,12,10,0.6802721088435374,10.0
YearsInCurrentRole,15,8,0.5442176870748299,25.0
YearsInCurrentRole,16,7,0.4761904761904762,0.0
YearsInCurrentRole,17,4,0.27210884353741494,0.0
YearsInCurrentRole,18,2,0.13605442176870747,0.0
YearsSinceLastPromotion,0,581,39.523809523809526,18.9328743545611
YearsSinceLastPromotion,1,357,24.285714285714285,13.725490196078432
YearsSinceLastPromotion,2,159,10.816326530612246,16.9811320754717
YearsSinceLastPromotion,7,76,5.170068027210884,21.052631578947366
YearsSinceLastPromotion,4,61,4.149659863945578,8.19672131147541
YearsSinceLastPromotion,3,52,3.537414965986395,17.307692307692307
YearsSinceLastPromotion,5,45,3.061224489795918,4.444444444444445
YearsSinceLastPromotion,6,32,2.1768707482993195,18.75
YearsSinceLastPromotion,11,24,1.6326530612244898,8.333333333333332
YearsSinceLastPromotion,8,18,1.2244897959183674,0.0
YearsSinceLastPromotion,9,17,1.1564625850340136,23.52941176470588
YearsSinceLastPromotion,15,13,0.8843537414965987,23.076923076923077
YearsSinceLastPromotion,13,10,0.6802721088435374,20.0
YearsSinceLastPromotion,12,10,0.6802721088435374,0.0
YearsSinceLastPromotion,14,9,0.6122448979591837,11.11111111111111
YearsSinceLastPromotion,10,6,0.40816326530612246,16.666666666666664
YearsWithCurrManager,2,344,23.401360544217688,14.534883720930234
YearsWithCurrManager,0,263,17.891156462585034,32.31939163498099
YearsWithCurrManager,7,216,14.69387755102041,14.351851851851851
YearsWithCurrManager,3,142,9.659863945578232,13.380281690140844
YearsWithCurrManager,8,107,7.278911564625851,9.345794392523365
YearsWithCurrManager,4,98,6.666666666666667,11.224489795918368
YearsWithCurrManager,1,76,5.170068027210884,14.473684210526317
YearsWithCurrManager,9,64,4.353741496598639,9.375
YearsWithCurrManager,5,31,2.1088435374149657,12.903225806451612
YearsWithCurrManager,6,29,1.9727891156462583,13.793103448275861
YearsWithCurrManager,10,27,1.8367346938775513,11.11111111111111
YearsWithCurrManager,11,22,1.4965986394557822,4.545454545454546
YearsWithCurrManager,12,18,1.2244897959183674,0.0
YearsWithCurrManager,13,14,0.9523809523809524,0.0
YearsWithCurrManager,17,7,0.4761904761904762,0.0
YearsWithCurrManager,15,5,0.3401360544217687,0.0
YearsWithCurrManager,14,5,0.3401360544217687,40.0
YearsWithCurrManager,16,2,0.13605442176870747,0.0
